250,incomplete
KTM Junior Racing Practice 2,incomplete
KTM Junior Racing Practice 2,incomplete
KTM Junior Racing Practice 2,incomplete
KTM Junior Racing Practice 2,incomplete
KTM Junior Racing Practice 2,incomplete
KTM Junior Racing Practice 2,incomplete
KTM Junior Racing Practice 2,incomplete
KTM Junior Racing Practice 2,incomplete
KTM Junior Racing Practice 2,incomplete
KTM Junior Racing Practice 2,incomplete
KTM Junior Racing Practice 2,incomplete
KTM Junior Racing Practice 2,incomplete
KTM Junior Racing Practice 2,incomplete
KTM Junior Racing Practice 2,incomplete
KTM Junior Racing Practice 2,incomplete
KTM Junior Racing Practice 2,incomplete
KTM Junior Racing Practice 2,incomplete
KTM Junior Racing Practice 2,incomplete
KTM Junior Racing Practice 2,incomplete
KTM Junior Racing Practice 2,incomplete
KTM Junior Racing Practice 2,incomplete
KTM Junior Racing Practice 2,incomplete
250 Heat #1,incomplete
250 Heat #1,incomplete
250 Heat #1,incomplete
250 Heat #1,incomplete
250 Heat #1,incomplete
250 Heat #1,incomplete
250 Heat #1,incomplete
250 Heat #1,incomplete
250 Heat #1,incomplete
250 Heat #1,incomplete
250 Heat #1,incomplete
250 Heat #1,incomplete
250 Heat #1,incomplete
250 Heat #1,incomplete
250 Heat #1,incomplete
250 Heat #1,incomplete
250 Heat #1,incomplete
250 Heat #1,incomplete
250 Heat #1,incomplete
250 Heat #1,incomplete
250 Heat #1,incomplete
250 Heat #1,incomplete
250 Heat #1,incomplete
250 Heat #1,incomplete
250 Heat #1,incomplete
250 Heat #1,incomplete
250 Heat #1,incomplete
250 Heat #1,incomplete
250 Heat #1,incomplete
250 Heat #2,
250 Heat #2,incomplete
250 Heat #2,incomplete
250 Heat #2,incomplete
250 Heat #2,incomplete
250 Heat #2,incomplete
250 Heat #2,incomplete
250 Heat #2,incomplete
250 Heat #2,incomplete
250 Heat #2,incomplete
250 Heat #2,incomplete
250 Heat #2,incomplete
250 Heat #2,incomplete
250 Heat #2,incomplete
250 Heat #2,incomplete
250 Heat #2,incomplete
250 Heat #2,incomplete
250 Heat #2,incomplete
250 Heat #2,incomplete
250 Heat #2,incomplete
250 Heat #2,incomplete
250 Heat #2,incomplete
250 Heat #2,incomplete
250 Heat #2,incomplete
250 Heat #2,incomplete
250 Heat #2,incomplete
250 Heat #2,incomplete
250 Heat #2,incomplete
450 Heat #1,incomplete
450 Heat #1,incomplete
450 Heat #1,incomplete
450 Heat #1,incomplete
450 Heat #1,incomplete
450 Heat #1,incomplete
450 Heat #1,incomplete
450 Heat #1,incomplete
450 Heat #1,incomplete
450 Heat #1,incomplete
450 Heat #1,incomplete
450 Heat #1,incomplete
450 Heat #1,incomplete
450 Heat #1,incomplete
450 Heat #1,incomplete
450 Heat #1,incomplete
450 Heat #1,incomplete
450 Heat #1,incomplete
450 Heat #1,incomplete
450 Heat #1,complete
450 Heat #1,complete
450 Heat #2,incomplete
450 Heat #2,incomplete
450 Heat #2,incomplete
450 Heat #2,incomplete
450 Heat #2,incomplete
450 Heat #2,incomplete
450 Heat #2,incomplete
450 Heat #2,incomplete
450 Heat #2,incomplete
450 Heat #2,incomplete
450 Heat #2,incomplete
450 Heat #2,incomplete
450 Heat #2,incomplete
450 Heat #2,incomplete
450 Heat #2,incomplete
450 Heat #2,incomplete
450 Heat #2,complete
450 Heat #2,complete
450 Heat #2,complete
KTM Junior Racing Main Event - 3 Laps,incomplete
KTM Junior Racing Main Event - 3 Laps,incomplete
KTM Junior Racing Main Event - 3 Laps,incomplete
KTM Junior Racing Main Event - 3 Laps,incomplete
KTM Junior Racing Main Event - 3 Laps,incomplete
KTM Junior Racing Main Event - 3 Laps,incomplete
KTM Junior Racing Main Event - 3 Laps,incomplete
KTM Junior Racing Main Event - 3 Laps,incomplete
KTM Junior Racing Main Event - 3 Laps,incomplete
KTM Junior Racing Main Event - 3 Laps,incomplete
KTM Junior Racing Main Event - 3 Laps,incomplete
KTM Junior Racing Main Event - 3 Laps,incomplete
KTM Junior Racing Main Event - 3 Laps,complete
KTM Junior Racing Main Event - 3 Laps,complete
KTM Junior Racing Main Event - 3 Laps,complete
KTM Junior Racing Main Event - 3 Laps,complete
KTM Junior Racing Main Event - 3 Laps,complete
KTM Junior Racing Main Event - 3 Laps,complete
KTM Junior Racing Main Event - 3 Laps,complete
KTM Junior Racing Main Event - 3 Laps,complete
KTM Junior Racing Main Event - 3 Laps,complete
KTM Junior Racing Main Event - 3 Laps,complete
KTM Junior Racing Main Event - 3 Laps,complete
KTM Junior Racing Main Event - 3 Laps,complete
KTM Junior Racing Main Event - 3 Laps,complete
KTM Junior Racing Main Event - 3 Laps,complete
KTM Junior Racing Main Event - 3 Laps,complete
KTM Junior Racing Main Event - 3 Laps,complete
KTM Junior Racing Main Event - 3 Laps,complete
KTM Junior Racing Main Event - 3 Laps,complete
KTM Junior Racing Main Event - 3 Laps,complete
KTM Junior Racing Main Event - 3 Laps,complete
KTM Junior Racing Main Event - 3 Laps,complete
KTM Junior Racing Main Event - 3 Laps,complete
KTM Junior Racing Main Event - 3 Laps,complete
KTM Junior Racing Main Event - 3 Laps,complete
KTM Junior Racing Main Event - 3 Laps,complete
KTM Junior Racing Main Event - 3 Laps,complete
KTM Junior Racing Main Event - 3 Laps,complete
KTM Junior Racing Main Event - 3 Laps,complete
KTM Junior Racing Main Event - 3 Laps,complete
250 LCQ,incomplete
250 LCQ,incomplete
250 LCQ,incomplete
250 LCQ,incomplete
250 LCQ,incomplete
250 LCQ,incomplete
250 LCQ,incomplete
250 LCQ,incomplete
250 LCQ,incomplete
250 LCQ,incomplete
250 LCQ,incomplete
250 LCQ,incomplete
250 LCQ,complete
250 LCQ,complete
250 LCQ,complete
250 LCQ,complete
250 LCQ,complete
250 LCQ,complete
250 LCQ,complete
250 LCQ,complete
450 LCQ,
450 LCQ,incomplete
450 LCQ,incomplete
450 LCQ,incomplete
450 LCQ,incomplete
450 LCQ,incomplete
450 LCQ,incomplete
450 LCQ,incomplete
450 LCQ,incomplete
450 LCQ,incomplete
450 LCQ,incomplete
450 LCQ,incomplete
450 LCQ,incomplete
450 LCQ,incomplete
450 LCQ,complete
450 LCQ,complete
450 LCQ,complete
450 LCQ,complete
450 LCQ,complete
450 LCQ,complete
450 LCQ,complete
450 LCQ,complete
450 LCQ,complete
450 LCQ,complete
450 LCQ,complete
450 LCQ,complete
450 LCQ,complete
450 LCQ,complete
450 LCQ,complete
450 LCQ,complete
450 LCQ,complete
450 LCQ,complete
250SX Sighting Lap,incomplete
250SX Sighting Lap,incomplete
250SX Sighting Lap,incomplete
250SX Sighting Lap,incomplete
250SX Sighting Lap,complete
250SX Sighting Lap,complete
250 Main Event,incomplete
250 Main Event,incomplete
250 Main Event,incomplete
250 Main Event,incomplete
250 Main Event,incomplete
250 Main Event,incomplete
250 Main Event,incomplete
250 Main Event,incomplete
250 Main Event,incomplete
250 Main Event,incomplete
250 Main Event,incomplete
250 Main Event,incomplete
250 Main Event,incomplete
250 Main Event,incomplete
250 Main Event,incomplete
250 Main Event,incomplete
250 Main Event,incomplete
250 Main Event,incomplete
250 Main Event,incomplete
250 Main Event,incomplete
250 Main Event,incomplete
250 Main Event,incomplete
250 Main Event,incomplete
250 Main Event,incomplete
250 Main Event,incomplete
250 Main Event,incomplete
250 Main Event,incomplete
250 Main Event,incomplete
250 Main Event,incomplete
250 Main Event,incomplete
250 Main Event,incomplete
250 Main Event,incomplete
250 Main Event,incomplete
250 Main Event,complete
250 Main Event,complete
250 Main Event,complete
250 Main Event,complete
250 Main Event,complete
250 Main Event,complete
250 Main Event,complete
250 Main Event,complete
250 Main Event,complete
250 Main Event,complete
250 Main Event,complete
250 Main Event,complete
250 Main Event,complete
250 Main Event,complete
250 Main Event,complete
250 Main Event,complete
250 Main Event,complete
250 Main Event,complete
250 Main Event,complete
250 Main Event,complete
250 Main Event,complete
250 Main Event,complete
250 Main Event,complete
250 Main Event,complete
250 Main Event,complete
450SX Sighting Lap,complete
450SX Sighting Lap,complete
450SX Sighting Lap,complete
450 Main Event,incomplete
450 Main Event,incomplete
450 Main Event,incomplete
450 Main Event,incomplete
450 Main Event,incomplete
450 Main Event,incomplete
450 Main Event,incomplete
450 Main Event,incomplete
450 Main Event,incomplete
450 Main Event,incomplete
450 Main Event,incomplete
450 Main Event,incomplete
450 Main Event,incomplete
450 Main Event,incomplete
450 Main Event,incomplete
450 Main Event,incomplete
450 Main Event,incomplete
450 Main Event,incomplete
450 Main Event,incomplete
450 Main Event,incomplete
450 Main Event,incomplete
450 Main Event,incomplete
450 Main Event,incomplete
450 Main Event,incomplete
450 Main Event,incomplete
450 Main Event,incomplete
450 Main Event,incomplete
450 Main Event,incomplete
450 Main Event,incomplete
450 Main Event,incomplete
450 Main Event,incomplete
450 Main Event,incomplete
450 Main Event,incomplete
450 Main Event,incomplete
450 Main Event,incomplete
450 Main Event,incomplete
450 Main Event,incomplete
450 Main Event,incomplete
450 Main Event,incomplete
450 Main Event,incomplete
450 Main Event,incomplete
450 Main Event,incomplete
450 Main Event,complete
450 Main Event,complete
450 Main Event,complete
450 Main Event,complete
450 Main Event,complete
450 Main Event,complete
450 Main Event,complete
450 Main Event,complete
450 Main Event,complete
450 Main Event,complete
KTM Junior Racing Practice,complete
KTM Junior Racing Practice,complete
KTM Junior Racing Practice,complete
KTM Junior Racing Practice,complete
KTM Junior Racing Practice,complete
KTM Junior Racing Practice,complete
KTM Junior Racing Practice,complete
KTM Junior Racing Practice,complete
KTM Junior Racing Practice,complete
KTM Junior Racing Practice,complete
KTM Junior Racing Practice,complete
KTM Junior Racing Practice,complete
KTM Junior Racing Practice,complete
KTM Junior Racing Practice,complete
KTM Junior Racing Practice,complete
KTM Junior Racing Practice,complete
KTM Junior Racing Practice,complete
KTM Junior Racing Practice,complete
KTM Junior Racing Practice,complete
KTM Junior Racing Practice,complete
KTM Junior Racing Practice,complete
KTM Junior Racing Practice,complete
KTM Junior Racing Practice,complete
KTM Junior Racing Practice,complete
KTM Junior Racing Practice,complete
KTM Junior Racing Practice,complete
KTM Junior Racing Practice,complete
KTM Junior Racing Practice,complete
KTM Junior Racing Practice,complete
KTM Junior Racing Practice,complete
KTM Junior Racing Practice,complete
KTM Junior Racing Practice,complete
KTM Junior Racing Practice,complete
KTM Junior Racing Practice,complete
KTM Junior Racing Practice,complete
KTM Junior Racing Practice,complete
KTM Junior Racing Practice,complete
KTM Junior Racing Practice,complete
KTM Junior Racing Practice,complete
KTM Junior Racing Practice,complete
KTM Junior Racing Practice,complete
KTM Junior Racing Practice,complete
KTM Junior Racing Practice,complete
KTM Junior Racing Practice,complete
KTM Junior Racing Practice,complete
KTM Junior Racing Practice,complete
KTM Junior Racing Practice,complete
KTM Junior Racing Practice,complete
KTM Junior Racing Practice,complete
KTM Junior Racing Practice,complete
KTM Junior Racing Practice,complete
KTM Junior Racing Practice,complete
KTM Junior Racing Practice,complete
KTM Junior Racing Practice,complete
KTM Junior Racing Practice,complete
KTM Junior Racing Practice,complete
KTM Junior Racing Practice,complete
KTM Junior Racing Practice,complete
KTM Junior Racing Practice,complete
KTM Junior Racing Practice,complete
KTM Junior Racing Practice,complete
KTM Junior Racing Practice,complete
KTM Junior Racing Practice,complete
KTM Junior Racing Practice,complete
KTM Junior Racing Practice,complete
KTM Junior Racing Practice,complete
KTM Junior Racing Practice,complete
KTM Junior Racing Practice,complete
KTM Junior Racing Practice,complete
KTM Junior Racing Practice,complete
KTM Junior Racing Practice,complete
KTM Junior Racing Practice,complete
KTM Junior Racing Practice,complete
KTM Junior Racing Practice,complete
KTM Junior Racing Practice,complete
KTM Junior Racing Practice,complete
KTM Junior Racing Practice,complete
KTM Junior Racing Practice,complete
KTM Junior Racing Practice,complete
KTM Junior Racing Practice,complete
KTM Junior Racing Practice,complete
KTM Junior Racing Practice,complete
KTM Junior Racing Practice,complete
KTM Junior Racing Practice,complete
KTM Junior Racing Practice,complete
KTM Junior Racing Practice,complete
KTM Junior Racing Practice,complete
KTM Junior Racing Practice,complete
KTM Junior Racing Practice,complete
KTM Junior Racing Practice,complete
KTM Junior Racing Practice,complete
KTM Junior Racing Practice,complete
KTM Junior Racing Practice,complete
KTM Junior Racing Practice,complete
KTM Junior Racing Practice,complete
KTM Junior Racing Practice,complete
KTM Junior Racing Practice,complete
KTM Junior Racing Practice,complete
KTM Junior Racing Practice,complete
250SX Heat 1 - 6 Min. + 1 Lap,incomplete
250SX Heat 1 - 6 Min. + 1 Lap,incomplete
250SX Heat 1 - 6 Min. + 1 Lap,incomplete
250SX Heat 1 - 6 Min. + 1 Lap,incomplete
250SX Heat 1 - 6 Min. + 1 Lap,incomplete
250SX Heat 1 - 6 Min. + 1 Lap,incomplete
250SX Heat 1 - 6 Min. + 1 Lap,incomplete
250SX Heat 1 - 6 Min. + 1 Lap,incomplete
250SX Heat 1 - 6 Min. + 1 Lap,incomplete
250 Heat #1,incomplete
250 Heat #1,incomplete
250 Heat #1,incomplete
250 Heat #1,incomplete
250 Heat #1,incomplete
250 Heat #1,complete
250 Heat #1,complete
250 Heat #1,complete
250 Heat #1,complete
250 Heat #1,complete
250 Heat #1,complete
250 Heat #1,complete
250 Heat #1,complete
250 Heat #1,complete
250 Heat #1,complete
250 Heat #1,complete
250 Heat #1,complete
250 Heat #1,complete
250 Heat #1,complete
250 Heat #1,complete
250 Heat #1,incomplete
250 Heat #1,incomplete
250 Heat #1,incomplete
250 Heat #1,incomplete
250 Heat #1,incomplete
250 Heat #1,incomplete
250 Heat #1,incomplete
250 Heat #1,incomplete
250 Heat #2,incomplete
250 Heat #2,incomplete
250 Heat #2,incomplete
250 Heat #2,incomplete
250 Heat #2,incomplete
250 Heat #2,incomplete
250 Heat #2,incomplete
250 Heat #2,incomplete
250 Heat #2,incomplete
250 Heat #2,incomplete
250 Heat #2,incomplete
250 Heat #2,complete
250 Heat #2,complete
250 Heat #2,complete
250 Heat #2,complete
250 Heat #2,complete
250 Heat #2,complete
250 Heat #2,complete
250 Heat #2,complete
250 Heat #2,complete
250 Heat #2,complete
450 Heat #1,incomplete
450 Heat #1,incomplete
450 Heat #1,incomplete
450 Heat #1,incomplete
450 Heat #1,incomplete
450 Heat #1,incomplete
450 Heat #1,incomplete
450 Heat #1,incomplete
450 Heat #1,incomplete
450 Heat #1,incomplete
450 Heat #1,incomplete
450 Heat #1,incomplete
450 Heat #1,incomplete
450 Heat #1,incomplete
450 Heat #1,incomplete
450 Heat #1,incomplete
450 Heat #1,complete
450 Heat #1,complete
450 Heat #1,complete
450 Heat #1,complete
450 Heat #1,complete
450 Heat #1,complete
450 Heat #1,complete
450 Heat #1,complete
450 Heat #1,complete
450 Heat #1,complete
450 Heat #1,complete
450 Heat #2,
450 Heat #2,incomplete
450 Heat #2,incomplete
450 Heat #2,incomplete
450 Heat #2,incomplete
450 Heat #2,incomplete
450 Heat #2,incomplete
450 Heat #2,incomplete
450 Heat #2,incomplete
450 Heat #2,incomplete
450 Heat #2,incomplete
450 Heat #2,incomplete
450 Heat #2,incomplete
450 Heat #2,incomplete
450 Heat #2,incomplete
450 Heat #2,incomplete
450 Heat #2,incomplete
450 Heat #2,complete
450 Heat #2,complete
450 Heat #2,complete
450 Heat #2,complete
KTM Junior Racing Main Event - 3 Laps,incomplete
KTM Junior Racing Main Event - 3 Laps,incomplete
KTM Junior Racing Main Event - 3 Laps,incomplete
KTM Junior Racing Main Event - 3 Laps,incomplete
KTM Junior Racing Main Event - 3 Laps,incomplete
KTM Junior Racing Main Event - 3 Laps,incomplete
KTM Junior Racing Main Event - 3 Laps,incomplete
KTM Junior Racing Main Event - 3 Laps,incomplete
KTM Junior Racing Main Event - 3 Laps,incomplete
KTM Junior Racing Main Event - 3 Laps,incomplete
KTM Junior Racing Main Event - 3 Laps,incomplete
KTM Junior Racing Main Event - 3 Laps,incomplete
KTM Junior Racing Main Event - 3 Laps,complete
KTM Junior Racing Main Event - 3 Laps,complete
KTM Junior Racing Main Event - 3 Laps,complete
KTM Junior Racing Main Event - 3 Laps,complete
KTM Junior Racing Main Event - 3 Laps,complete
KTM Junior Racing Main Event - 3 Laps,complete
KTM Junior Racing Main Event - 3 Laps,complete
KTM Junior Racing Main Event - 3 Laps,complete
KTM Junior Racing Main Event - 3 Laps,complete
KTM Junior Racing Main Event - 3 Laps,complete
KTM Junior Racing Main Event - 3 Laps,complete
KTM Junior Racing Main Event - 3 Laps,complete
KTM Junior Racing Main Event - 3 Laps,complete
KTM Junior Racing Main Event - 3 Laps,complete
KTM Junior Racing Main Event - 3 Laps,complete
250 LCQ,
250 LCQ,incomplete
250 LCQ,incomplete
250 LCQ,incomplete
250 LCQ,incomplete
250 LCQ,incomplete
250 LCQ,incomplete
250 LCQ,incomplete
250 LCQ,incomplete
250 LCQ,incomplete
250 LCQ,incomplete
250 LCQ,incomplete
250 LCQ,incomplete
250 LCQ,incomplete
250 LCQ,incomplete
250 LCQ,incomplete
250 LCQ,incomplete
250 LCQ,incomplete
250 LCQ,complete
250 LCQ,complete
250 LCQ,complete
250 LCQ,complete
250 LCQ,complete
250 LCQ,complete
450 LCQ,incomplete
450 LCQ,incomplete
450 LCQ,incomplete
450 LCQ,incomplete
450 LCQ,incomplete
450 LCQ,incomplete
450 LCQ,incomplete
450 LCQ,incomplete
450 LCQ,incomplete
450 LCQ,incomplete
450 LCQ,incomplete
450 LCQ,incomplete
450 LCQ,incomplete
450 LCQ,incomplete
450 LCQ,incomplete
450 LCQ,complete
450 LCQ,complete
450 LCQ,complete
450 LCQ,complete
450 LCQ,complete
450 LCQ,complete
450 LCQ,complete
450 LCQ,complete
450 LCQ,complete
450 LCQ,complete
450 LCQ,complete
450 LCQ,complete
450 LCQ,complete
450 LCQ,complete
250SX Sighting Lap,incomplete
250SX Sighting Lap,incomplete
250SX Sighting Lap,incomplete
250SX Sighting Lap,incomplete
250SX Sighting Lap,incomplete
250SX Sighting Lap,complete
250  Sighting Lap,complete
250  Sighting Lap,complete
250  Sighting Lap,complete
250 Sighting Lap,complete
250 Sighting Lap,complete
250 Main Event,incomplete
250 Main Event,incomplete
250 Main Event,incomplete
250 Main Event,incomplete
250 Main Event,incomplete
250 Main Event,incomplete
250 Main Event,incomplete
250 Main Event,incomplete
250 Main Event,incomplete
250 Main Event,incomplete
250 Main Event,incomplete
250 Main Event,incomplete
250 Main Event,incomplete
250 Main Event,incomplete
250 Main Event,incomplete
250 Main Event,incomplete
250 Main Event,incomplete
250 Main Event,incomplete
250 Main Event,incomplete
250 Main Event,incomplete
250 Main Event,incomplete
250 Main Event,incomplete
250 Main Event,incomplete
250 Main Event,incomplete
250 Main Event,incomplete
250 Main Event,incomplete
250 Main Event,incomplete
250 Main Event,incomplete
250 Main Event,incomplete
250 Main Event,incomplete
250 Main Event,incomplete
250 Main Event,complete
250 Main Event,complete
250 Main Event,complete
250 Main Event,complete
250 Main Event,complete
250 Main Event,complete
250 Main Event,complete
250 Main Event,complete
250 Main Event,complete
250 Main Event,complete
250 Main Event,complete
250 Main Event,complete
250 Main Event,complete
250 Main Event,complete
250 Main Event,complete
250 Main Event,complete
250 Main Event,complete
250 Main Event,complete
250 Main Event,complete
250 Main Event,complete
250 Main Event,complete
